{"cameraMode":{"drawMode":0,"name":"Shaded","section":"Shading Mode"},"sceneLighting":false,"audioPlay":false,"sceneViewState":{"m_AlwaysRefresh":false,"showFog":true,"showSkybox":false,"showFlares":true,"showImageEffects":true,"showParticleSystems":true,"showVisualEffectGraphs":true,"m_FxEnabled":true},"in2DMode":false,"pivot":{"x":64.78108215332031,"y":14.580052375793457,"z":64.84249877929688},"rotation":{"x":0.08292949199676514,"y":0.1724967658519745,"z":-0.014613070525228978,"w":0.9813733100891113},"size":55.177589416503909,"orthographic":false}