{"cameraMode":{"drawMode":0,"name":"Shaded","section":"Shading Mode"},"sceneLighting":true,"audioPlay":false,"sceneViewState":{"m_AlwaysRefresh":false,"showFog":true,"showSkybox":true,"showFlares":true,"showImageEffects":true,"showParticleSystems":true,"showVisualEffectGraphs":true,"m_FxEnabled":true},"in2DMode":false,"pivot":{"x":-4.787749767303467,"y":-28.799911499023439,"z":-156.04605102539063},"rotation":{"x":0.0036053641233593227,"y":-0.994594395160675,"z":0.09458625316619873,"w":0.0391060970723629},"size":80.69263458251953,"orthographic":false}